[
    {
        "id": "63b730fb6c02026ac066833f",
        "createdAt": "2023-01-05T20:20:11Z",
        "createdByUser": {
            "userID": "61bb8d7d7c4a90112c26b28a",
            "userDisplayName": "admin"
        },
        "updatedAt": "2023-01-10T20:45:26Z",
        "updatedByUser": {
            "userID": "61bb8d7d7c4a90112c26b28a",
            "userDisplayName": "admin"
        },
        "archived": false,
        "customFieldValues": {
            "637ea419173b76598129cd44": 6,
            "637ea513173b76598129cd61": 8,
            "63ab79a86c02026ac06537e8": 6
        },
        "customTableValues": {},
        "attachmentIDs": [],
        "commentIDs": [],
        "links": [],
        "linkAdds": [],
        "printViewAttachmentIDs": [],
        "statusID": "638a527df30387090860388b",
        "transitionHistory": [
            {
                "archived": false,
                "stateID": 0,
                "statusID": "638a527df30387090860388b",
                "transitionedAt": "2023-01-05T20:20:11Z"
            }
        ],
        "customId": "ERCOT-PT.2023.Jan.00003",
        "description": "test outage for ERCOT recurrence type",
        "requestedByUser": {
            "userID": "61bb8d7d7c4a90112c26b28a",
            "userDisplayName": "admin"
        },
        "requestedEnd": "2023-02-04T21:00:00Z",
        "requestedStart": "2023-01-22T18:00:00Z",
        "requestTypeID": "63b7251b6c02026ac06681d7",
        "aorIDs": [
            "58ff6f428e5e6b28f23a45ec"
        ],
        "switchOrderIDs": [],
        "permitIDs": [],
        "outageType": "OUTAGE_PATTERN",
        "outagePatternID": "63af53946c02026ac065a796",
        "outagePatternTimeZone": "America/Chicago",
        "equipmentOutages": [
            {
                "id": "63b731316c02026ac0668349",
                "createdAt": "2023-01-05T20:21:05Z",
                "createdByUser": {
                    "userID": "61bb8d7d7c4a90112c26b28a",
                    "userDisplayName": "admin"
                },
                "updatedAt": "2023-01-05T20:21:05Z",
                "updatedByUser": {
                    "userID": "61bb8d7d7c4a90112c26b28a",
                    "userDisplayName": "admin"
                },
                "archived": false,
                "customFieldValues": {
                    "6384f275173b7659812a6ed4": "2023-01-22T18:00:00Z",
                    "6384f28e173b7659812a6ed7": "2023-02-04T21:00:00Z"
                },
                "customTableValues": {},
                "requestID": "63b730fb6c02026ac066833f",
                "plannedStart": "2023-02-19T02:13:00:00Z",
                "plannedEnd": "2023-02-19T02:13:00:00Z",
                "plannedDuration": 381600000,
                "status": "OPEN",
                "assetExtID": "5f23d8ad-aa52-4f96-bef1-fcb51be9e0bf",
                "assetName": "6035",
                "asset": {
                    "_updatedBy": "61bb8d7d7c4a90112c26b28a",
                    "ERCOT Name": "6014",
                    "_name": "6035",
                    "_externalId": "5f23d8ad-aa52-4f96-bef1-fcb51be9e0bf",
                    "_createdBy": "61bb8d7d7c4a90112c26b28a",
                    "_parentLinks": [
                        {
                            "hierAttrName": "Breakers",
                            "typeName": "Station",
                            "externalId": "afc3ed9a-3336-4ef9-83a7-d74d7ddb9b7d"
                        }
                    ],
                    "ERCOT RDFID": "_{7EEF8BDC-BA64-4331-B4F9-A16816B72F9F}",
                    "_modelTypeId": "type000000136",
                    "_createdAt": "2023-01-05T19:34:24.523Z",
                    "Voltage": "138 kV",
                    "ERCOT Reportable": true,
                    "_id": "63b72640ad8b6f562ab733af",
                    "_updatedAt": "2023-01-05T20:00:04.749Z"
                },
                "customFieldValuesExt": {
                    "ERCOT_earliest_start": "2023-01-22T18:00:00Z",
                    "ERCOT_latest_end": "2023-02-04T21:00:00Z"
                },
                "customTableValuesExt": {}
            },
            {
                "id": "63b731706c02026ac0668352",
                "createdAt": "2023-01-05T20:22:08Z",
                "createdByUser": {
                    "userID": "61bb8d7d7c4a90112c26b28a",
                    "userDisplayName": "admin"
                },
                "updatedAt": "2023-01-05T20:22:08Z",
                "updatedByUser": {
                    "userID": "61bb8d7d7c4a90112c26b28a",
                    "userDisplayName": "admin"
                },
                "archived": false,
                "customFieldValues": {
                    "6384f275173b7659812a6ed4": "2023-01-22T18:00:00Z",
                    "6384f28e173b7659812a6ed7": "2023-02-04T21:00:00Z"
                },
                "customTableValues": {},
                "requestID": "63b730fb6c02026ac066833f",
                "plannedStart": "2023-02-19T02:13:00:00Z",
                "plannedEnd": "2023-02-19T02:13:00:00Z",
                "plannedDuration": 381600000,
                "status": "OPEN",
                "assetExtID": "5f23d8ad-aa52-4f96-bef1-fcb51be9e0bf",
                "assetName": "6035",
                "asset": {
                    "_updatedBy": "61bb8d7d7c4a90112c26b28a",
                    "ERCOT Name": "6035",
                    "_name": "6035",
                    "_externalId": "5f23d8ad-aa52-4f96-bef1-fcb51be9e0bf",
                    "_createdBy": "61bb8d7d7c4a90112c26b28a",
                    "_parentLinks": [
                        {
                            "hierAttrName": "Breakers",
                            "typeName": "Station",
                            "externalId": "afc3ed9a-3336-4ef9-83a7-d74d7ddb9b7d"
                        }
                    ],
                    "ERCOT RDFID": "_{7EEF8BDC-BA64-4331-B4F9-A16816B72F9F}",
                    "_modelTypeId": "type000000136",
                    "_createdAt": "2023-01-05T19:34:24.523Z",
                    "Voltage": "138 kV",
                    "ERCOT Reportable": true,
                    "_id": "63b72640ad8b6f562ab733af",
                    "_updatedAt": "2023-01-05T20:00:04.749Z"
                },
                "customFieldValuesExt": {
                    "ERCOT_earliest_start": "2023-01-22T18:00:00Z",
                    "ERCOT_latest_end": "2023-02-04T21:00:00Z"
                },
                "customTableValuesExt": {}
            }
        ],
        "outagePattern": {
            "id": "63af53946c02026ac065a796",
            "createdAt": "2022-12-30T21:10:12Z",
            "updatedAt": "2022-12-30T21:10:12Z",
            "archived": false,
            "label": "Continuous - No Weekends",
            "deprecated": false,
            "startTime": "1970-01-01T07:00:00Z",
            "endTime": "1970-01-01T17:00:00Z",
            "selectedOutageDays": false,
            "startDay": 1,
            "endDay": 5
        },
        "displayLabel": "ERCOT-PT.2023.Jan.00003",
        "commentCount": 0,
        "customFieldValuesExt": {
            "ERCOT_emergency_restoration_in_hours": 6,
            "ERCOT_nature_of_work-T": "Repair/Replace Damaged Equipment",
            "ERCOT_outage_type-T": "Simple"
        },
        "customTableValuesExt": {}
    }
]