<OutageSet xmlns="http://www.ercot.com/schema/2007-06/nodal/ews"
    xmlns:xsi="http://www.w3.org/2001/XMLSchema-instance"
    xsi:schemaLocation="http://www.ercot.com/schema/2007-06/nodal/ews">
    <Outage>
        <OutageInfo>
            <outageType>PL</outageType>
            <participant>TABC</participant>
            <lastModified>2016-08-04T15:24:00-05:00</lastModified>
            <lastModifiedBy>asmith</lastModifiedBy>
            <Requestor>
                <name>2241</name>
                <userFullName>Alex Smith</userFullName>
                <tertiaryContact>512-555-1234</tertiaryContact>
            </Requestor>
            <requestDate>2016-08-04T15:24:00-05:00</requestDate>
            <Disclaimer>Temp Disclaimer</Disclaimer>
            <disclaimerAck>true</disclaimerAck>
        </OutageInfo>
        <Group>
            <name>Grp2</name>
            <GroupTransmissionOutage>
                <operatingCompany>TABC</operatingCompany>
                <equipmentName>ABC_1234</equipmentName>
                <equipmentIdentifier>_{123AB3F7-11A4-4F87-A2C0-125F79F221B4}</equipmentIdentifier>
                <transmissionType>DSC</transmissionType>
                <fromStation>Station1</fromStation>
                <normalState>C</normalState>
                <outageState>O</outageState>
                <voltage>69</voltage>
                <projectName>Project2</projectName>
                <emergencyRestorationTime>1</emergencyRestorationTime>
                <natureOfWork>RE</natureOfWork>
            </GroupTransmissionOutage>
            <GroupTransmissionOutage>
                <operatingCompany>TABC</operatingCompany>
                <equipmentName>ABC_2345</equipmentName>
                <equipmentIdentifier>_{A12BCD24-5968-45F3-9471-728032982EE3}</equipmentIdentifier>
                <transmissionType>DSC</transmissionType>
                <fromStation>Station1</fromStation>
                <normalState>C</normalState>
                <outageState>O</outageState>
                <voltage>138</voltage>
                <projectName>Project3</projectName>
                <emergencyRestorationTime>1</emergencyRestorationTime>
                <natureOfWork>RE</natureOfWork>
            </GroupTransmissionOutage>
        </Group>
        <Schedule>
            <plannedStart>2016-08-12T08:00:00-05:00</plannedStart>
            <plannedEnd>2016-08-12T12:00:00-05:00</plannedEnd>
            <earliestStart>2016-08-12T08:00:00-05:00</earliestStart>
            <latestEnd>2016-08-12T13:00:00-05:00</latestEnd>
        </Schedule>
    </Outage>
</OutageSet>
