<ns1:OutageSet xmlns:ns0="http://www.ercot.com/schema/2007-05/nodal/eip/il" xmlns:ns1="http://www.ercot.com/schema/2007-06/nodal/ews">
               <ns1:Outage>
                  <ns1:OutageInfo>
                     <ns1:outageType>PL</ns1:outageType>
                     <ns1:participant>TABC</ns1:participant>
                     <ns1:versionId>1</ns1:versionId>
                     <ns1:state>ENYS</ns1:state>
                     <ns1:status>RatE</ns1:status>
                     <ns1:previousState>ENYS</ns1:previousState>
                     <ns1:Requestor>
                        <ns1:name>2241</ns1:name>
                        <ns1:userFullName>Alex Smith</ns1:userFullName>
                        <ns1:primaryContact/>
                        <ns1:secondaryContact/>
                        <ns1:tertiaryContact>512-555-1234</ns1:tertiaryContact>
                     </ns1:Requestor>
                     <ns1:requestDate>2017-08-04T15:24:06-05:00</ns1:requestDate>
                  </ns1:OutageInfo>
                  <ns1:Group>
                     <ns1:groupId>TABC.OTG.167432</ns1:groupId>
                     <ns1:name>Grp2</ns1:name>
                     <ns1:GroupTransmissionOutage>
                        <ns1:operatingCompany>TABC</ns1:operatingCompany>
                        <ns1:equipmentName>ABC_1234</ns1:equipmentName>
                        <ns1:equipmentIdentifier_{123AB3F7-11A4-4F87-A2C0-125F79F221B4}</ns1:equipmentIdentifier>
                        <ns1:transmissionType>DSC</ns1:transmissionType>
                        <ns1:fromStation>Station1</ns1:fromStation>
                        <ns1:toStation>Station2</ns1:toStation>
                        <ns1:highImpactOutage>true</ns1:highImpactOutage>
                        <ns1:greater90Days>false</ns1:greater90Days>
                        <ns1:normalState>C</ns1:normalState>
                        <ns1:outageState>O</ns1:outageState>
                        <ns1:voltage>69</ns1:voltage>
                        <ns1:projectName>Project2</ns1:projectName>
                        <ns1:emergencyRestorationTime>1</ns1:emergencyRestorationTime>
                        <ns1:mRID>TABC.OTG.PL.Transmission.ABC00012345</ns1:mRID>
                        <ns1:natureOfWork>RE</ns1:natureOfWork>
                     </ns1:GroupTransmissionOutage>
                     <ns1:GroupTransmissionOutage>
                        <ns1:operatingCompany>TABC</ns1:operatingCompany>
                        <ns1:equipmentName>ABC_2345</ns1:equipmentName>
                        <ns1:equipmentIdentifier>_{A12BCD24-5968-45F3-9471-728032982EE3}</ns1:equipmentIdentifier>
                        <ns1:transmissionType>DSC</ns1:transmissionType>
                        <ns1:fromStation>Station1</ns1:fromStation>
                        <ns1:toStation>Station2</ns1:toStation>
                        <ns1:highImpactOutage>true</ns1:highImpactOutage>
                        <ns1:greater90Days>false</ns1:greater90Days>
                        <ns1:normalState>C</ns1:normalState>
                        <ns1:outageState>O</ns1:outageState>
                        <ns1:voltage>138</ns1:voltage>
                        <ns1:projectName>Project3</ns1:projectName>
                        <ns1:emergencyRestorationTime>1</ns1:emergencyRestorationTime>
                        <ns1:mRID>TABC.OTG.PL.Transmission.ABC00023456</ns1:mRID>
                        <ns1:natureOfWork>RE</ns1:natureOfWork>
                     </ns1:GroupTransmissionOutage>
                  </ns1:Group>
                  <ns1:Schedule>
                     <ns1:plannedStart>2016-08-12T08:00:00-05:00</ns1:plannedStart>
                     <ns1:plannedEnd>2016-08-12T12:00:00-05:00</ns1:plannedEnd>
                     <ns1:earliestStart>2016-08-12T08:00:00-05:00</ns1:earliestStart>
                     <ns1:latestEnd>2016-08-12T13:00:00-05:00</ns1:latestEnd>
                  </ns1:Schedule>
                  <ns1:OSNotes>
                     <ns1:RequestorNotes/>
                     <ns1:ReviewerNotes/>
                     <ns1:SupportingNotes/>
                     <ns1:RASPSNotes/>
                  </ns1:OSNotes>
               </ns1:Outage>
            </ns1:OutageSet> 